Hour;Posts
0;70695
1;63247
2;60532
3;57376
4;52913
5;52351
6;58519
7;70503
8;83009
9;93174
10;95963
11;98565
12;111554
13;131608
14;149739
15;154761
16;147096
17;136163
18;132157
19;130679
20;130643
21;120669
22;100762
23;83581
